{"cameraMode":{"drawMode":0,"name":"Shaded","section":"Shading Mode"},"sceneLighting":false,"audioPlay":false,"sceneViewState":{"m_AlwaysRefresh":false,"showFog":true,"showSkybox":false,"showFlares":true,"showImageEffects":true,"showParticleSystems":true,"showVisualEffectGraphs":true,"m_FxEnabled":true},"in2DMode":false,"pivot":{"x":0.08693327009677887,"y":-0.015430748462677002,"z":0.07811249792575836},"rotation":{"x":0.2518591582775116,"y":0.16229520738124848,"z":-0.04269370064139366,"w":0.953159511089325},"size":0.8660253882408142,"orthographic":true}