{"cameraMode":{"drawMode":0,"name":"Shaded","section":"Shading Mode"},"sceneLighting":true,"audioPlay":false,"sceneViewState":{"m_AlwaysRefresh":false,"showFog":true,"showSkybox":true,"showFlares":true,"showImageEffects":true,"showParticleSystems":true,"showVisualEffectGraphs":true,"m_FxEnabled":true},"in2DMode":false,"pivot":{"x":-0.0675097182393074,"y":1.2621859312057496,"z":0.35778316855430605},"rotation":{"x":0.2518591582775116,"y":0.16229520738124848,"z":-0.04269370064139366,"w":0.953159511089325},"size":1.1932367086410523,"orthographic":true}